model,accuracy,f1_macro,precision_macro,recall_macro,test_loss,train_loss,epochs_trained,training_time_min,total_params,architecture
deit_base,0.9711,0.9710579951369918,0.9712198023365275,0.9710999999999999,0.10381007939577103,0.6251424574094138,8,56.1964684287707,85806346,Data-efficient Image Transformer
swin_base,0.9771,0.9771235045108403,0.9772315442196347,0.9770999999999999,0.09099894762039185,0.6076056557848021,9,101.48566825787226,86753474,Swin Transformer with Shifted Windows
beit_base,0.9723,0.9722996005210097,0.972720289631608,0.9722999999999999,0.11011092364788055,0.757190437674624,7,55.265684115886685,85769674,BERT-style pretraining for images
