step,epoch,eval_loss,eval_accuracy,eval_f1_macro
782,1.0,0.11011092364788055,0.9723,0.9722996005210097
1564,2.0,0.1345645785331726,0.9601,0.9596661795574507
2346,3.0,0.1273476928472519,0.9656,0.9656138044357524
3128,4.0,0.14836736023426056,0.9568,0.9568582721326596
3910,5.0,0.17510630190372467,0.9472,0.947224111797625
4692,6.0,0.16339050233364105,0.9512,0.9513938693158334
4692,6.0,0.11011092364788055,0.9723,0.9722996005210097
