step,epoch,eval_loss,eval_accuracy,eval_f1_macro
782,1.0,0.12707717716693878,0.969,0.9690681115026685
1564,2.0,0.10381007939577103,0.9711,0.9710579951369918
2346,3.0,0.14270466566085815,0.9691,0.9691220016371134
3128,4.0,0.1272435188293457,0.9615,0.9615944265610242
3910,5.0,0.12734375894069672,0.9628,0.962794652589233
4692,6.0,0.1367645114660263,0.96,0.960069810238598
5474,7.0,0.1249106228351593,0.9613,0.961268047857387
5474,7.0,0.10381007939577103,0.9711,0.9710579951369918
