step,epoch,eval_loss,eval_accuracy,eval_f1_macro
782,1.0,0.08866219222545624,0.9767,0.9766052499015249
1564,2.0,0.09294336289167404,0.974,0.9740588504470244
2346,3.0,0.09099894762039185,0.9771,0.9771235045108403
3128,4.0,0.11495686322450638,0.9676,0.967632844448907
3910,5.0,0.11675000935792923,0.9671,0.967037468195451
4692,6.0,0.1274883896112442,0.9628,0.9630213962966214
5474,7.0,0.11045850813388824,0.9677,0.967675508304303
6256,8.0,0.10866237431764603,0.9671,0.9670199512110246
6256,8.0,0.09099894762039185,0.9771,0.9771235045108403
